2023-11-19,18:40:09,陕A12345
2023-11-20,18:50:29,陕A12345
2023-11-21,00:38:35,陕A12345
2023-11-22,02:38:43,陕A12345
2023-11-22,02:42:34,陕A12345
2023-11-22,02:48:38,陕A12345
2023-11-22,02:50:25,陕A12345
2023-11-22,02:51:12,陕A12345
2023-11-22,02:52:46,陕A12345
2023-11-22,12:04:08,陕A12345
2023-11-22,12:04:54,陕A12345
2023-11-22,12:05:14,陕A12345
2023-11-22,12:05:54,陕A12345
2023-11-22,12:07:28,陕A12345
2023-11-22,12:08:19,陕A12345
2023-11-22,12:10:15,陕A12345
2023-11-22,12:10:49,陕A12345
2023-11-22,12:11:45,陕A12345
2023-11-22,12:12:04,陕A12345
2023-11-22,12:12:55,陕A12345
2023-11-22,12:30:35,陕A12345
2023-11-22,12:30:59,陕A12345
2023-11-22,12:36:18,陕A12345
2023-11-22,12:56:43,陕A12345
2023-11-22,12:57:20,陕A12345
2023-11-22,13:00:38,陕A12345
2023-11-22,13:01:27,陕A12345
2023-11-22,13:05:00,陕A12345
2023-11-22,13:05:44,陕A12345
2023-11-22,13:06:54,陕A12345
2023-11-22,13:26:27,陕A12345
2023-11-22,13:27:10,陕A12345
2023-11-22,13:31:43,陕A12345
2023-11-22,13:31:58,陕A12345
2023-11-22,13:32:20,陕A12345
2023-11-22,13:33:44,陕A12345
2023-11-22,13:35:20,陕A12345
2023-11-22,13:36:26,陕A12345
2023-11-22,13:39:59,陕A12345
2023-11-22,13:40:12,陕A12345
2023-11-22,13:40:47,陕A12345
2023-11-22,13:41:18,陕A12345
2023-11-22,13:41:55,陕A12345
2023-11-22,13:42:25,陕A12345
2023-11-22,13:42:50,陕A12345
2023-11-22,13:43:14,陕A12345
2023-11-22,13:43:28,陕A12345
2023-11-22,13:43:43,陕A12345
2023-11-22,13:45:56,陕A12345
2023-11-22,13:47:03,陕A12345
2023-11-22,13:47:57,陕A12345
2023-11-22,13:49:59,陕A12345
2023-11-22,13:51:38,陕A12345
2023-11-22,13:51:57,陕A12345
2023-11-22,13:52:18,陕A12345
2023-11-22,13:52:34,陕A12345
2023-11-22,13:53:15,陕A12345
2023-11-22,13:54:39,陕A12345
2023-11-22,13:55:09,陕A12345
2023-11-22,13:55:31,陕A12345
2023-11-22,13:55:59,陕A12345
2023-11-22,13:56:11,陕A12345
2023-11-22,13:56:32,陕A12345
2023-11-22,13:56:53,陕A12345
2023-11-22,13:57:10,陕A12345
2023-11-22,13:57:21,陕A12345
2023-11-22,13:57:37,陕A12345
2023-11-22,14:01:44,陕A12345
2023-11-22,14:02:12,陕A12345
2023-11-22,14:02:24,陕A12345
2023-11-22,14:03:27,陕A12345
2023-11-22,14:04:31,陕A12345
2023-11-22,14:04:54,陕A12345
2023-11-22,14:05:46,陕A12345
2023-11-22,14:06:45,W200WVH
2023-11-22,14:08:25,苏E05EV8
2023-11-22,19:49:07,苏E05EV8
2023-11-22,19:49:33,苏E05EV8
2023-11-22,19:50:05,苏E05EV8
2023-11-22,19:53:41,苏E05EV8
2023-11-23,12:02:23,苏E05EV8
2023-11-23,12:43:13,苏E05EV8
2023-11-23,12:44:35,苏E05EV8
2023-11-23,12:45:47,苏E05EV8
2023-11-23,13:45:24,苏E05EV8
2023-11-23,13:51:12,苏E05EV8
2023-11-23,13:56:47,苏E05EV8
2023-11-23,14:03:26,苏E05EV8
2023-11-23,14:04:31,苏E05EV8
2023-11-23,14:06:05,苏E05EV8
2023-11-23,14:09:28,苏E05EV8
2023-11-23,14:27:31,苏E05EV8
2023-11-23,14:28:34,苏E05EV8
2023-11-23,14:29:44,苏E05EV8
2023-11-23,14:30:13,苏E05EV8
2023-11-23,14:34:28,苏E05EV8
2023-11-23,14:36:26,苏E05EV8
2023-11-23,14:39:00,苏E05EV8
2023-11-23,15:26:17,苏E05EV8
2023-11-23,15:27:32,苏E05EV8
2023-11-23,15:29:23,苏E05EV8
2023-11-23,15:30:58,苏E05EV8
2023-11-23,15:31:31,苏E05EV8
2023-11-23,16:22:01,苏E05EV8
2023-11-23,17:34:05,苏E05EV8
2023-11-23,17:36:43,苏E05EV8
